Departmental grouping,Organisation,Acronym,Employee engagement index,My work theme score (B01-B05),Organisational objectives and purpose theme score (B06-B08),My manager theme score (B09-B18),My team theme score (B19-B21),Learning and development theme score (B22-B25),Inclusion and fair treatment theme score (B26-B29),Resources and workload theme score (B30-B36),Pay and benefits theme score (B37-B39),Leadership and managing change theme score (B40-B49),B01. I am interested in my work (% strongly agree or agree),B02. I am sufficiently challenged by my work (% strongly agree or agree),B03. My work gives me a sense of personal accomplishment (% strongly agree or agree),B04. I feel involved in the decisions that affect my work (% strongly agree or agree),B05. I have a choice in deciding how I do my work (% strongly agree or agree),B06. I have a clear understanding of [my organisation's] purpose (% strongly agree or agree),B07. I have a clear understanding of [my organisation's] objectives (% strongly agree or agree),B08. I understand how my work contributes to [my organisation's] objectives (% strongly agree or agree),B09. My manager motivates me to be more effective in my job (% strongly agree or agree),B10. My manager is considerate of my life outside work (% strongly agree or agree),B11. My manager is open to my ideas (% strongly agree or agree),B12. My manager helps me to understand how I contribute to [my organisation's] objectives (% strongly agree or agree),"B13. Overall, I have confidence in the decisions made by my manager (% strongly agree or agree)",B14. My manager recognises when I have done my job well (% strongly agree or agree),B15. I receive regular feedback on my performance (% strongly agree or agree),B16. The feedback I receive helps me to improve my performance (% strongly agree or agree),B17. I think that my performance is evaluated fairly (% strongly agree or agree),B18. Poor performance is dealt with effectively in my team (% strongly agree or agree),B19. The people in my team can be relied upon to help when things get difficult in my job (% strongly agree or agree),B20. The people in my team work together to find ways to improve the service we provide (% strongly agree or agree),B21. The people in my team are encouraged to come up with new and better ways of doing things (% strongly agree or agree),B22. I am able to access the right learning and development opportunities when I need to (% strongly agree or agree),B23. Learning and development activities I have completed in the past 12 months have helped to improve my performance (% strongly agree or agree),B24. There are opportunities for me to develop my career in [my organisation] (% strongly agree or agree),B25. Learning and development activities I have completed while working for [my organisation] are helping me to develop my career (% strongly agree or agree),B26. I am treated fairly at work (% strongly agree or agree),B27. I am treated with respect by the people I work with (% strongly agree or agree),B28. I feel valued for the work I do (% strongly agree or agree),"B29. I think that [my organisation] respects individual differences (e.g. cultures, working styles, backgrounds, ideas, etc) (% strongly agree or agree)","B30. In my job, I am clear what is expected of me (% strongly agree or agree)",B31. I get the information I need to do my job well (% strongly agree or agree),B32. I have clear work objectives (% strongly agree or agree),B33. I have the skills I need to do my job effectively (% strongly agree or agree),B34. I have the tools I need to do my job effectively (% strongly agree or agree),B35. I have an acceptable workload (% strongly agree or agree),B36. I achieve a good balance between my work life and my private life (% strongly agree or agree),B37. I feel that my pay adequately reflects my performance (% strongly agree or agree),B38. I am satisfied with the total benefits package (% strongly agree or agree),B39. Compared to people doing a similar job in other organisations I feel my pay is reasonable (% strongly agree or agree),B40. I feel that [my organisation] as a whole is managed well (% strongly agree or agree),B41. [Senior managers] in [my organisation] are sufficiently visible (% strongly agree or agree),B42. I believe the actions of [senior managers] are consistent with [my organisation's] values (% strongly agree or agree),B43. I believe that [the board has] a clear vision for the future of [my organisation] (% strongly agree or agree),"B44. Overall, I have confidence in the decisions made by [my organisation's senior managers] (% strongly agree or agree)",B45. I feel that change is managed well in [my organisation] (% strongly agree or agree),B46. When changes are made in [my organisation] they are usually for the better (% strongly agree or agree),B47. [My organisation] keeps me informed about matters that affect me (% strongly agree or agree),B48. I have the opportunity to contribute my views before decisions are made that affect me (% strongly agree or agree),B49. I think it is safe to challenge the way things are done in [my organisation] (% strongly agree or agree),B50. I am proud when I tell others I am part of [my organisation] (% strongly agree or agree),B51. I would recommend [my organisation] as a great place to work (% strongly agree or agree),B52. I feel a strong personal attachment to [my organisation] (% strongly agree or agree),B53. [My organisation] inspires me to do the best in my job (% strongly agree or agree),B54. [My organisation] motivates me to help it achieve its objectives (% strongly agree or agree),B55. I believe that [senior managers] in [my organisation] will take action on the results from this survey (% strongly agree or agree),B56. I believe that managers where I work will take action on the results from this survey (% strongly agree or agree),"B57. Where I work, I think effective action has been taken on the results of the last survey (% strongly agree or agree)",D01. Are you aware of the Civil Service Code? (% yes),D02. Are you aware of how to raise a concern under the Civil Service Code? (% yes),D03. Are you confident that if you raise a concern under the Civil Service Code in [your organisation] it would be investigated properly? (% yes),"E01. During the past 12 months, have you personally experienced discrimination at work? (% yes)","E03. During the past 12 months, have you personally experienced bullying or harassment at work? (% yes)","W01. Overall, how satisfied are you with your life nowadays? (% rating 7-10)","W02. Overall, to what extent do you feel the things you do in your life are worthwhile? (% rating 7-10)","W03. Overall, how happy did you feel yesterday? (% rating 7-10)","W04. Overall, how anxious did you feel yesterday? (% rating 0-3)",X01. I am trusted to carry out my job effectively (% strongly agree or agree),"X02. I believe I would be supported if I try a new idea, even if it may not work (% strongly agree or agree)","X03. My performance is evaluated based on whether I get things done, rather than solely follow process (% strongly agree or agree)","X04. When I talk about my organisation I say ""we"" rather than ""they"" (% strongly agree or agree)",X05. I have some really good friendships at work (% strongly agree or agree)
Civil Service,Civil Service benchmark,CSPS,58%,73%,82%,66%,78%,44%,75%,74%,30%,41%,89%,76%,73%,53%,72%,84%,79%,82%,66%,81%,79%,61%,71%,77%,63%,60%,62%,37%,83%,79%,71%,58%,46%,35%,40%,78%,84%,62%,71%,84%,68%,75%,88%,72%,60%,68%,31%,33%,26%,43%,48%,42%,40%,39%,29%,25%,56%,36%,40%,53%,46%,44%,41%,38%,43%,52%,32%,88%,63%,67%,10%,10%,62%,68%,59%,51%,86%,63%,63%,69%,73%
Attorney General's departments,Attorney General's Office,AGO,81%,87%,99%,84%,93%,63%,94%,94%,36%,86%,95%,87%,82%,85%,87%,100%,100%,97%,79%,90%,90%,82%,92%,92%,84%,77%,82%,69%,100%,92%,87%,74%,64%,59%,55%,97%,100%,87%,89%,95%,92%,95%,100%,100%,95%,82%,41%,33%,33%,95%,97%,90%,87%,95%,79%,68%,90%,77%,77%,92%,90%,82%,85%,82%,90%,87%,79%,100%,82%,95%,5%,3%,74%,82%,71%,65%,92%,82%,79%,92%,56%
Attorney General's departments,Crown Prosecution Service,CPS,51%,64%,81%,55%,69%,33%,62%,62%,34%,29%,89%,77%,70%,39%,47%,84%,79%,79%,54%,68%,67%,53%,59%,67%,52%,48%,54%,28%,78%,72%,58%,46%,35%,22%,28%,66%,77%,48%,58%,81%,53%,68%,84%,52%,43%,50%,33%,36%,33%,28%,39%,36%,31%,28%,18%,17%,38%,27%,27%,44%,28%,46%,32%,29%,34%,42%,30%,84%,57%,53%,14%,12%,53%,63%,52%,45%,80%,46%,46%,54%,78%
Attorney General's departments,HM CPS Inspectorate,HMCPSI,51%,60%,90%,64%,84%,42%,68%,78%,49%,40%,96%,57%,61%,36%,50%,93%,89%,89%,61%,71%,79%,54%,64%,79%,64%,61%,71%,36%,100%,96%,56%,64%,57%,11%,36%,79%,86%,46%,59%,89%,68%,86%,86%,82%,68%,64%,57%,43%,46%,30%,50%,46%,50%,39%,25%,32%,57%,43%,29%,43%,21%,39%,29%,21%,64%,61%,68%,96%,79%,67%,11%,7%,62%,60%,52%,44%,79%,44%,64%,71%,54%
Attorney General's departments,Serious Fraud Office,SFO,53%,64%,75%,55%,67%,29%,64%,64%,19%,28%,89%,64%,70%,38%,61%,80%,71%,73%,53%,75%,69%,44%,61%,68%,45%,44%,54%,34%,74%,68%,60%,33%,30%,25%,28%,66%,73%,54%,64%,73%,50%,56%,82%,54%,62%,72%,22%,19%,14%,32%,28%,34%,36%,34%,19%,17%,34%,21%,25%,57%,35%,53%,36%,29%,28%,32%,6%,85%,57%,48%,23%,25%,51%,62%,55%,56%,77%,50%,56%,67%,67%
Attorney General's departments,TSol,TSOL,60%,76%,83%,69%,76%,54%,79%,76%,22%,48%,90%,81%,78%,53%,77%,86%,81%,81%,70%,83%,81%,62%,77%,81%,66%,66%,68%,39%,85%,78%,66%,72%,60%,39%,45%,81%,87%,70%,80%,87%,74%,77%,90%,68%,66%,70%,25%,24%,18%,57%,63%,52%,49%,51%,42%,30%,64%,35%,37%,61%,55%,46%,44%,42%,57%,64%,43%,95%,71%,80%,8%,10%,62%,68%,59%,46%,90%,58%,63%,69%,69%
"Business, Innovation and Skills","Department for Business, Innovation and Skills",BIS,52%,74%,78%,66%,79%,47%,75%,69%,28%,38%,89%,78%,71%,55%,77%,81%,74%,79%,65%,81%,80%,59%,73%,79%,61%,59%,64%,39%,84%,80%,73%,57%,46%,42%,42%,80%,86%,64%,72%,80%,68%,72%,86%,60%,54%,63%,29%,30%,24%,39%,51%,40%,41%,37%,26%,19%,59%,31%,37%,42%,36%,32%,30%,29%,41%,52%,29%,95%,62%,71%,7%,7%,60%,65%,58%,47%,84%,65%,70%,72%,69%
"Business, Innovation and Skills",Acas,ACAS,65%,71%,93%,64%,76%,50%,75%,78%,33%,45%,91%,77%,80%,42%,65%,95%,91%,93%,63%,79%,72%,65%,65%,78%,68%,57%,61%,32%,88%,75%,64%,66%,54%,35%,46%,76%,86%,63%,76%,92%,78%,82%,92%,77%,58%,66%,32%,33%,33%,51%,53%,46%,48%,43%,30%,28%,66%,39%,48%,74%,56%,59%,48%,46%,51%,57%,42%,78%,55%,71%,10%,9%,64%,72%,59%,50%,87%,63%,57%,69%,72%
"Business, Innovation and Skills",Companies House ,CH,63%,73%,90%,67%,82%,45%,76%,84%,35%,48%,88%,77%,75%,54%,68%,92%,88%,89%,66%,82%,77%,66%,72%,76%,66%,60%,66%,39%,88%,84%,73%,63%,45%,35%,40%,78%,85%,63%,80%,91%,78%,86%,90%,82%,76%,81%,33%,40%,31%,61%,52%,51%,53%,48%,44%,36%,59%,37%,44%,56%,61%,57%,48%,45%,47%,50%,41%,76%,57%,65%,11%,8%,65%,67%,60%,53%,92%,68%,64%,63%,85%
"Business, Innovation and Skills",Insolvency Service,INSS,50%,69%,81%,69%,72%,35%,73%,74%,31%,22%,83%,73%,68%,48%,71%,83%,76%,83%,66%,83%,77%,62%,72%,80%,69%,64%,72%,41%,80%,73%,63%,54%,36%,18%,31%,78%,82%,60%,73%,86%,69%,82%,88%,55%,62%,73%,31%,35%,27%,21%,30%,19%,13%,14%,13%,12%,41%,28%,29%,32%,26%,37%,28%,26%,24%,56%,37%,84%,64%,62%,10%,9%,54%,60%,54%,50%,86%,58%,63%,55%,73%
"Business, Innovation and Skills",Intellectual Property Office,IPO,56%,75%,79%,65%,78%,55%,73%,75%,23%,41%,88%,84%,76%,53%,73%,81%,75%,81%,64%,82%,77%,61%,72%,75%,61%,57%,61%,40%,85%,79%,69%,62%,54%,52%,50%,77%,87%,57%,71%,84%,73%,76%,87%,74%,60%,71%,21%,28%,20%,46%,50%,39%,37%,38%,29%,26%,58%,46%,45%,54%,50%,44%,41%,39%,46%,53%,34%,87%,59%,71%,10%,8%,56%,61%,56%,50%,86%,64%,60%,58%,73%
"Business, Innovation and Skills",Land Registry,LR,48%,62%,70%,53%,75%,32%,64%,67%,32%,26%,78%,77%,63%,37%,54%,73%,65%,72%,50%,68%,67%,52%,56%,65%,50%,43%,50%,24%,81%,78%,67%,48%,40%,16%,24%,70%,81%,44%,63%,79%,61%,66%,75%,71%,52%,67%,31%,32%,32%,28%,27%,26%,32%,20%,23%,19%,42%,19%,26%,33%,27%,39%,26%,23%,28%,38%,26%,82%,52%,57%,11%,11%,56%,61%,55%,50%,80%,50%,50%,51%,77%
"Business, Innovation and Skills",Met Office,MET,66%,81%,87%,68%,82%,55%,80%,75%,21%,54%,94%,86%,84%,61%,80%,90%,85%,86%,68%,81%,83%,67%,76%,78%,65%,61%,66%,37%,86%,83%,76%,62%,51%,51%,56%,84%,89%,67%,81%,86%,72%,76%,87%,72%,63%,68%,22%,26%,15%,68%,54%,60%,70%,61%,33%,36%,60%,41%,56%,78%,62%,64%,55%,51%,56%,58%,34%,73%,46%,68%,8%,7%,63%,71%,60%,55%,89%,71%,67%,73%,68%
"Business, Innovation and Skills",National Measurement Office,NMO,64%,80%,86%,73%,73%,52%,79%,84%,30%,55%,92%,82%,77%,63%,85%,89%,80%,89%,69%,85%,89%,74%,69%,84%,75%,63%,77%,42%,82%,72%,67%,72%,47%,34%,54%,85%,90%,70%,73%,89%,77%,88%,92%,83%,74%,87%,26%,35%,28%,66%,74%,58%,44%,62%,52%,36%,53%,48%,57%,59%,61%,49%,52%,52%,52%,66%,48%,98%,88%,90%,7%,3%,63%,68%,59%,54%,92%,64%,66%,73%,70%
"Business, Innovation and Skills",Office of Fair Trading,OFT,60%,75%,87%,71%,78%,50%,74%,75%,27%,45%,90%,76%,76%,60%,73%,88%,87%,87%,72%,83%,85%,65%,78%,81%,70%,68%,66%,44%,82%,78%,75%,64%,57%,34%,45%,79%,83%,65%,71%,82%,74%,75%,91%,72%,63%,69%,27%,30%,24%,48%,57%,46%,39%,45%,41%,23%,63%,45%,45%,70%,47%,51%,49%,47%,50%,60%,49%,88%,59%,68%,9%,10%,59%,66%,57%,46%,85%,61%,66%,75%,72%
"Business, Innovation and Skills",Ordnance Survey,OS,67%,81%,80%,65%,86%,54%,78%,76%,34%,46%,94%,86%,83%,57%,84%,81%,74%,84%,63%,81%,81%,65%,72%,75%,60%,54%,62%,36%,90%,86%,82%,67%,55%,45%,48%,83%,88%,62%,78%,87%,68%,80%,89%,68%,66%,75%,31%,45%,25%,51%,48%,47%,46%,43%,37%,39%,65%,38%,51%,80%,57%,68%,55%,48%,45%,65%,44%,90%,62%,79%,6%,8%,62%,68%,59%,52%,89%,71%,69%,72%,76%
"Business, Innovation and Skills",Skills Funding Agency,SFA,62%,76%,87%,68%,81%,50%,79%,75%,59%,53%,92%,77%,76%,56%,77%,90%,85%,86%,69%,83%,82%,68%,77%,77%,67%,62%,60%,39%,87%,83%,74%,65%,55%,36%,44%,82%,88%,68%,79%,84%,65%,77%,91%,72%,66%,71%,54%,66%,58%,64%,63%,60%,63%,61%,42%,25%,69%,37%,45%,58%,57%,50%,48%,48%,52%,55%,33%,92%,62%,76%,5%,6%,69%,74%,65%,54%,87%,68%,66%,79%,74%
Cabinet Office,Cabinet Office,CO,60%,79%,70%,67%,83%,42%,77%,72%,28%,38%,93%,80%,80%,61%,79%,73%,63%,73%,69%,83%,82%,56%,75%,79%,61%,61%,60%,39%,86%,85%,79%,53%,37%,41%,35%,81%,86%,70%,69%,80%,68%,71%,90%,69%,64%,65%,30%,31%,24%,38%,47%,40%,29%,40%,28%,22%,57%,34%,41%,70%,52%,41%,44%,39%,46%,63%,35%,95%,61%,71%,9%,10%,67%,73%,63%,50%,87%,71%,71%,77%,71%
Cabinet Office,Government Procurement Service,GPS,61%,74%,87%,65%,79%,41%,71%,66%,45%,53%,89%,79%,71%,57%,73%,90%,85%,87%,65%,76%,78%,67%,71%,73%,58%,62%,58%,43%,82%,80%,77%,46%,37%,43%,37%,75%,82%,60%,65%,81%,63%,69%,87%,57%,46%,59%,46%,50%,40%,66%,59%,53%,65%,58%,40%,40%,59%,40%,47%,60%,58%,46%,50%,48%,51%,54%,36%,90%,71%,77%,9%,11%,59%,63%,52%,46%,84%,64%,64%,77%,70%
Charity Commission,Charity Commission,CC,58%,77%,84%,69%,84%,40%,76%,77%,35%,49%,88%,80%,75%,60%,80%,86%,84%,84%,66%,88%,81%,65%,70%,80%,69%,61%,70%,43%,88%,86%,79%,57%,46%,23%,32%,82%,88%,63%,73%,85%,71%,74%,88%,72%,68%,79%,35%,41%,30%,51%,66%,47%,37%,42%,50%,22%,73%,59%,44%,50%,45%,49%,41%,39%,57%,69%,46%,95%,66%,66%,9%,14%,66%,68%,56%,48%,84%,63%,65%,75%,71%
Communities and Local Government,Department for Communities and Local Government,DCLG,43%,69%,67%,67%,76%,38%,70%,67%,32%,32%,85%,75%,66%,51%,70%,67%,63%,72%,67%,83%,81%,55%,74%,82%,65%,60%,62%,37%,83%,76%,70%,48%,40%,29%,34%,76%,83%,56%,64%,80%,66%,70%,84%,59%,51%,59%,34%,33%,29%,31%,45%,33%,31%,30%,22%,14%,54%,32%,29%,22%,21%,21%,19%,19%,36%,52%,29%,94%,65%,64%,9%,8%,54%,58%,53%,48%,82%,59%,66%,59%,66%
Communities and Local Government,The Planning Inspectorate,PINS,58%,74%,83%,66%,78%,43%,72%,71%,36%,45%,89%,83%,78%,48%,74%,86%,79%,84%,66%,83%,80%,62%,74%,74%,60%,58%,62%,37%,83%,76%,76%,48%,42%,39%,44%,76%,86%,62%,66%,87%,67%,75%,86%,70%,56%,60%,37%,41%,32%,48%,53%,47%,52%,41%,39%,23%,61%,46%,46%,52%,43%,48%,41%,36%,43%,47%,28%,92%,60%,71%,7%,5%,60%,68%,59%,50%,89%,59%,61%,63%,71%
"Culture, Media and Sport","Department for Culture, Media and Sport",DCMS,45%,70%,65%,63%,72%,33%,60%,68%,26%,28%,86%,73%,70%,51%,69%,64%,62%,70%,67%,79%,79%,51%,69%,80%,55%,59%,61%,35%,79%,72%,64%,42%,37%,17%,34%,59%,79%,46%,55%,78%,65%,68%,89%,66%,51%,58%,31%,27%,20%,23%,37%,23%,29%,18%,19%,12%,56%,32%,32%,46%,18%,44%,29%,25%,23%,29%,15%,100%,74%,68%,12%,10%,48%,54%,42%,36%,85%,55%,67%,62%,69%
"Culture, Media and Sport",The Royal Parks,TRP,71%,80%,78%,74%,82%,45%,83%,77%,24%,42%,93%,82%,81%,65%,80%,78%,73%,83%,72%,95%,89%,66%,86%,87%,74%,66%,71%,36%,86%,85%,75%,65%,47%,17%,51%,84%,86%,83%,80%,85%,70%,85%,91%,73%,63%,70%,24%,22%,24%,52%,52%,45%,38%,40%,31%,24%,56%,31%,49%,84%,67%,74%,59%,58%,45%,52%,20%,83%,58%,63%,9%,5%,62%,71%,65%,59%,88%,75%,68%,76%,83%
Defence,Ministry of Defence,MOD,52%,70%,76%,59%,71%,44%,70%,66%,28%,22%,87%,74%,69%,50%,71%,80%,72%,76%,58%,76%,75%,50%,65%,73%,53%,50%,60%,34%,77%,72%,63%,56%,40%,37%,43%,78%,82%,55%,65%,78%,57%,66%,83%,57%,54%,63%,30%,30%,25%,19%,26%,24%,22%,16%,11%,9%,41%,20%,30%,49%,29%,49%,31%,25%,18%,31%,16%,87%,64%,55%,12%,11%,55%,62%,54%,53%,87%,65%,64%,67%,71%
Defence,Defence Support Group,DSG,49%,63%,66%,42%,67%,27%,59%,65%,26%,25%,84%,67%,66%,38%,62%,69%,62%,68%,43%,58%,58%,40%,48%,53%,32%,31%,38%,24%,79%,71%,51%,31%,27%,24%,27%,67%,76%,41%,50%,77%,48%,64%,79%,57%,61%,66%,24%,31%,22%,24%,32%,26%,26%,20%,19%,16%,37%,21%,26%,40%,34%,34%,26%,23%,30%,32%,21%,61%,44%,42%,16%,13%,60%,66%,60%,56%,86%,56%,50%,57%,75%
Defence,Dstl,DSTL,62%,80%,79%,61%,76%,58%,75%,68%,30%,44%,94%,84%,79%,60%,81%,85%,78%,75%,61%,82%,80%,54%,67%,72%,53%,52%,57%,32%,80%,77%,72%,67%,52%,56%,55%,79%,84%,64%,74%,79%,64%,68%,87%,57%,55%,65%,29%,39%,22%,51%,44%,48%,48%,43%,33%,27%,64%,33%,50%,67%,59%,52%,46%,40%,55%,58%,34%,86%,52%,72%,9%,10%,62%,68%,58%,55%,88%,68%,57%,69%,73%
Defence,UK Hydrographic Office,UKHO,65%,76%,84%,65%,84%,52%,76%,73%,32%,37%,91%,80%,78%,60%,73%,89%,78%,84%,65%,81%,78%,59%,74%,75%,60%,57%,65%,36%,88%,86%,77%,67%,54%,42%,45%,81%,88%,64%,73%,83%,70%,73%,87%,65%,62%,72%,32%,36%,28%,41%,34%,38%,39%,34%,18%,24%,59%,36%,46%,71%,54%,59%,54%,47%,32%,39%,14%,90%,69%,78%,7%,7%,66%,69%,61%,54%,90%,68%,65%,70%,73%
Education,Department for Education,DFE,56%,73%,80%,69%,83%,42%,77%,72%,40%,36%,89%,76%,72%,54%,75%,83%,77%,80%,70%,84%,83%,62%,76%,81%,66%,63%,59%,41%,87%,84%,77%,52%,41%,40%,36%,81%,87%,66%,75%,81%,66%,74%,87%,69%,60%,68%,41%,43%,36%,39%,46%,39%,31%,35%,27%,17%,55%,37%,36%,53%,43%,40%,38%,35%,41%,56%,30%,92%,65%,70%,10%,8%,62%,68%,58%,49%,83%,64%,63%,74%,73%
Energy and Climate Change,Department of Energy & Climate Change,DECC,58%,78%,86%,65%,81%,55%,76%,69%,28%,42%,92%,84%,77%,58%,79%,87%,84%,86%,68%,83%,84%,62%,77%,79%,58%,59%,51%,33%,85%,81%,76%,68%,55%,50%,48%,81%,87%,68%,69%,79%,68%,73%,88%,71%,50%,56%,29%,31%,23%,39%,64%,47%,27%,42%,27%,25%,67%,39%,43%,63%,47%,40%,42%,42%,47%,59%,35%,95%,62%,70%,9%,7%,65%,71%,56%,44%,83%,65%,62%,75%,62%
"Environment, Food and Rural Affairs","Department for Environment, Food and Rural Affairs",DEFRA,50%,74%,73%,65%,79%,36%,75%,69%,28%,31%,88%,78%,71%,55%,77%,74%,70%,75%,68%,84%,83%,58%,76%,78%,59%,57%,50%,36%,83%,79%,74%,45%,36%,27%,37%,79%,87%,61%,71%,78%,67%,68%,85%,69%,53%,64%,28%,30%,26%,29%,42%,34%,22%,29%,19%,14%,56%,31%,37%,41%,32%,36%,26%,25%,31%,52%,24%,94%,63%,69%,10%,9%,60%,66%,59%,49%,85%,64%,60%,68%,66%
"Environment, Food and Rural Affairs",Animal Health & Veterinary Laboratories Agency,AHVLA,46%,65%,60%,60%,75%,35%,67%,66%,28%,21%,86%,73%,64%,39%,62%,62%,54%,63%,58%,80%,76%,51%,63%,73%,57%,49%,54%,34%,82%,77%,65%,46%,38%,23%,33%,73%,82%,50%,64%,77%,59%,62%,85%,66%,50%,63%,26%,34%,24%,18%,29%,24%,20%,16%,13%,11%,36%,20%,24%,32%,22%,35%,25%,21%,23%,41%,21%,88%,60%,56%,12%,12%,50%,58%,54%,47%,83%,56%,52%,52%,73%
"Environment, Food and Rural Affairs","Centre for Environment, Fisheries and Aquaculture Science",CEFAS,64%,82%,81%,68%,81%,56%,81%,76%,18%,48%,94%,85%,82%,66%,85%,82%,77%,83%,66%,83%,84%,61%,72%,78%,66%,60%,65%,45%,82%,80%,80%,67%,52%,49%,56%,81%,88%,69%,84%,84%,73%,80%,89%,77%,60%,67%,19%,24%,13%,57%,55%,55%,49%,48%,34%,28%,61%,38%,49%,71%,62%,58%,49%,45%,52%,52%,33%,79%,57%,71%,10%,7%,63%,67%,58%,49%,92%,73%,66%,67%,77%
"Environment, Food and Rural Affairs",Food and Environment Research Agency,FERA,50%,74%,57%,61%,73%,38%,69%,71%,23%,26%,92%,78%,76%,48%,76%,56%,54%,61%,59%,80%,79%,48%,70%,75%,56%,51%,61%,30%,77%,73%,69%,50%,42%,25%,34%,76%,79%,55%,67%,81%,67%,76%,89%,72%,52%,61%,22%,28%,20%,24%,34%,28%,27%,24%,15%,16%,37%,27%,30%,44%,35%,32%,29%,26%,29%,37%,18%,82%,53%,63%,7%,8%,58%,66%,59%,52%,88%,65%,58%,55%,73%
"Environment, Food and Rural Affairs",Rural Payments Agency,RPA,38%,55%,75%,59%,72%,21%,58%,60%,29%,28%,76%,66%,53%,31%,52%,78%,74%,73%,58%,78%,74%,54%,63%,72%,63%,50%,44%,35%,79%,75%,63%,32%,21%,13%,18%,63%,77%,41%,51%,73%,46%,57%,75%,52%,51%,63%,27%,31%,28%,28%,37%,28%,52%,25%,17%,18%,40%,18%,22%,16%,17%,24%,16%,16%,24%,33%,18%,91%,72%,56%,15%,15%,55%,58%,53%,52%,73%,45%,43%,47%,68%
"Environment, Food and Rural Affairs",Veterinary Medicines Directorate,VMD,64%,82%,94%,71%,85%,53%,86%,84%,34%,51%,90%,80%,82%,70%,86%,95%,93%,94%,70%,88%,85%,66%,77%,77%,68%,61%,68%,44%,90%,88%,77%,78%,51%,41%,43%,92%,93%,73%,87%,94%,85%,91%,98%,86%,60%,78%,33%,40%,30%,70%,48%,54%,53%,58%,35%,29%,69%,38%,53%,60%,62%,50%,50%,49%,57%,60%,35%,90%,63%,74%,6%,7%,69%,71%,63%,51%,92%,74%,69%,73%,64%
Estyn,Estyn,ESTYN,69%,78%,97%,71%,83%,55%,80%,81%,41%,64%,94%,87%,79%,61%,70%,99%,93%,98%,68%,81%,82%,73%,74%,83%,73%,65%,71%,42%,87%,86%,77%,68%,60%,37%,56%,83%,84%,74%,80%,93%,74%,88%,96%,85%,64%,67%,41%,43%,39%,66%,71%,69%,64%,68%,55%,60%,72%,57%,62%,69%,68%,69%,60%,59%,58%,60%,42%,95%,76%,84%,6%,5%,70%,74%,69%,56%,,,,,
Food Standards Agency,Food Standards Agency,FSA,51%,65%,78%,59%,71%,37%,66%,71%,23%,31%,87%,69%,65%,49%,56%,81%,77%,77%,59%,73%,74%,56%,66%,67%,56%,52%,56%,34%,76%,72%,64%,55%,35%,26%,31%,73%,80%,51%,61%,84%,65%,76%,89%,69%,56%,57%,22%,26%,19%,35%,34%,36%,35%,28%,20%,16%,48%,28%,27%,49%,30%,33%,29%,27%,36%,50%,32%,92%,66%,58%,16%,18%,55%,62%,56%,50%,87%,66%,66%,73%,70%
Foreign and Commonwealth Office,Foreign and Commonwealth Office,FCO,67%,78%,82%,71%,81%,57%,78%,78%,31%,50%,93%,81%,81%,64%,73%,83%,80%,84%,73%,73%,80%,65%,73%,82%,69%,71%,68%,54%,83%,82%,78%,65%,62%,46%,56%,80%,85%,73%,75%,88%,76%,83%,91%,73%,65%,69%,33%,34%,27%,56%,59%,55%,54%,50%,42%,36%,62%,42%,45%,79%,60%,61%,59%,55%,57%,63%,48%,59%,43%,56%,12%,12%,65%,72%,65%,47%,88%,69%,70%,77%,76%
Foreign and Commonwealth Office,FCO Services,FCOS,58%,73%,75%,62%,75%,50%,74%,68%,23%,37%,92%,78%,77%,48%,71%,76%,70%,77%,60%,75%,75%,57%,68%,74%,57%,54%,60%,36%,81%,76%,67%,63%,49%,39%,47%,78%,85%,64%,70%,78%,57%,64%,88%,66%,59%,67%,27%,24%,19%,40%,43%,37%,40%,36%,25%,25%,54%,33%,38%,56%,46%,45%,43%,38%,36%,47%,27%,68%,47%,58%,12%,10%,62%,70%,62%,59%,88%,62%,59%,65%,71%
Foreign and Commonwealth Office,Wilton Park Executive Agency,WPEA,72%,72%,88%,71%,84%,37%,77%,70%,50%,52%,91%,66%,81%,51%,69%,91%,84%,88%,67%,87%,91%,62%,65%,78%,65%,65%,71%,58%,88%,86%,77%,50%,46%,25%,28%,78%,81%,65%,83%,86%,61%,72%,93%,75%,41%,59%,46%,52%,52%,67%,59%,59%,62%,52%,32%,38%,64%,43%,45%,86%,61%,71%,60%,61%,61%,62%,43%,96%,75%,81%,4%,9%,76%,76%,67%,57%,95%,82%,66%,80%,80%
Health,Department of Health,DH,53%,73%,66%,67%,78%,39%,76%,72%,34%,32%,89%,76%,71%,55%,76%,68%,62%,69%,68%,82%,83%,58%,76%,80%,63%,61%,65%,35%,84%,81%,71%,54%,38%,27%,36%,80%,86%,66%,70%,81%,67%,73%,89%,69%,59%,64%,37%,35%,31%,31%,47%,39%,24%,33%,18%,14%,49%,30%,31%,48%,36%,41%,32%,30%,35%,52%,27%,94%,64%,62%,9%,10%,61%,68%,61%,52%,86%,67%,66%,69%,73%
Health,Medicines and Healthcare Products Regulatory Agency,MHRA,61%,74%,90%,62%,73%,48%,72%,74%,26%,43%,89%,74%,76%,57%,75%,92%,88%,92%,62%,76%,74%,58%,68%,74%,58%,54%,59%,36%,80%,72%,67%,68%,46%,38%,41%,75%,80%,63%,71%,86%,71%,79%,91%,74%,56%,63%,27%,29%,22%,52%,42%,42%,46%,43%,37%,34%,58%,36%,40%,68%,53%,51%,45%,43%,44%,47%,29%,82%,50%,59%,13%,13%,61%,70%,61%,54%,86%,61%,64%,73%,73%
HM Revenue and Customs,HM Revenue & Customs,HMRC,41%,57%,74%,62%,78%,41%,69%,68%,24%,24%,77%,66%,57%,36%,47%,75%,72%,75%,59%,75%,73%,57%,65%,74%,63%,55%,60%,36%,84%,80%,70%,58%,39%,36%,29%,75%,84%,47%,68%,82%,55%,71%,78%,60%,61%,71%,24%,26%,23%,21%,33%,27%,24%,19%,17%,14%,40%,20%,29%,23%,21%,28%,21%,20%,29%,39%,23%,90%,65%,59%,12%,11%,57%,64%,55%,51%,81%,52%,47%,48%,77%
HM Revenue and Customs,Valuation Office Agency,VOA,46%,64%,74%,61%,72%,39%,66%,67%,20%,25%,82%,74%,63%,40%,63%,75%,70%,77%,60%,79%,73%,61%,68%,70%,55%,49%,57%,33%,83%,74%,58%,55%,42%,28%,32%,72%,82%,50%,62%,83%,58%,75%,84%,59%,50%,63%,19%,25%,15%,22%,34%,26%,27%,18%,16%,14%,39%,22%,29%,26%,24%,37%,24%,22%,25%,42%,22%,90%,71%,65%,9%,7%,54%,60%,55%,49%,85%,50%,51%,53%,73%
HM Treasury,HM Treasury,HMT,66%,78%,82%,67%,79%,49%,76%,73%,18%,55%,92%,81%,76%,63%,80%,86%,80%,82%,71%,82%,84%,60%,78%,79%,60%,62%,61%,35%,83%,78%,75%,56%,47%,46%,46%,83%,88%,68%,65%,79%,70%,76%,86%,75%,61%,62%,20%,22%,11%,62%,71%,59%,47%,57%,49%,35%,72%,48%,54%,80%,64%,55%,57%,51%,52%,53%,33%,93%,54%,76%,8%,8%,65%,68%,57%,48%,85%,67%,68%,76%,65%
Chancellor's other departments,Government Actuary's Department,GAD,63%,73%,83%,62%,77%,53%,76%,79%,39%,55%,90%,76%,72%,53%,74%,87%,83%,79%,64%,78%,72%,51%,74%,70%,56%,55%,62%,32%,85%,79%,66%,57%,48%,52%,55%,78%,83%,65%,77%,80%,78%,78%,85%,74%,77%,84%,41%,45%,32%,62%,75%,63%,62%,59%,33%,44%,67%,36%,47%,61%,66%,46%,50%,46%,46%,38%,15%,90%,44%,75%,5%,9%,71%,70%,71%,58%,82%,61%,64%,74%,51%
Chancellor's other departments,National Savings and Investment,NSANDI,68%,77%,93%,71%,85%,52%,81%,80%,35%,68%,87%,77%,75%,66%,82%,96%,92%,92%,73%,87%,87%,76%,80%,79%,60%,63%,62%,41%,89%,87%,80%,68%,54%,37%,49%,81%,88%,68%,87%,90%,78%,84%,95%,82%,60%,72%,34%,46%,25%,81%,79%,69%,77%,78%,50%,53%,74%,48%,69%,69%,63%,56%,56%,57%,57%,63%,40%,89%,74%,78%,5%,4%,62%,74%,58%,53%,88%,76%,71%,87%,69%
Chancellor's other departments,UK Debt Management Office,DMO,67%,81%,94%,68%,71%,55%,79%,82%,28%,55%,100%,84%,83%,60%,76%,96%,91%,95%,67%,84%,91%,64%,76%,84%,56%,56%,65%,36%,72%,73%,67%,76%,58%,33%,55%,76%,85%,72%,82%,87%,75%,67%,96%,84%,82%,80%,35%,29%,22%,60%,71%,65%,51%,64%,38%,44%,65%,51%,45%,69%,60%,76%,60%,50%,40%,31%,22%,95%,73%,82%,5%,4%,66%,67%,63%,59%,87%,57%,77%,86%,68%
Home Office,Home Office,HO,57%,74%,82%,66%,78%,50%,75%,71%,37%,36%,90%,76%,71%,59%,75%,84%,80%,81%,66%,81%,80%,57%,71%,79%,63%,60%,64%,40%,82%,79%,73%,59%,49%,44%,48%,78%,83%,64%,74%,78%,67%,71%,87%,70%,58%,64%,40%,38%,33%,39%,48%,40%,28%,35%,23%,18%,60%,33%,38%,57%,44%,43%,39%,37%,45%,58%,37%,92%,63%,67%,11%,13%,61%,67%,59%,51%,82%,64%,67%,73%,70%
Home Office,Border Force,BF,36%,55%,61%,52%,66%,24%,55%,52%,22%,17%,82%,64%,55%,29%,42%,64%,59%,61%,51%,66%,67%,43%,56%,68%,49%,42%,50%,30%,78%,67%,53%,35%,25%,20%,17%,60%,73%,38%,49%,68%,44%,53%,72%,41%,45%,44%,26%,20%,21%,13%,25%,20%,18%,14%,7%,8%,31%,15%,17%,24%,15%,23%,18%,16%,17%,24%,12%,82%,53%,40%,22%,19%,49%,56%,51%,48%,72%,47%,47%,47%,74%
Home Office,Criminal Records Bureau,CRB,61%,74%,93%,71%,82%,39%,81%,83%,35%,53%,90%,71%,72%,60%,75%,94%,92%,92%,71%,82%,83%,67%,78%,83%,71%,62%,71%,46%,87%,82%,76%,55%,36%,29%,35%,84%,88%,68%,82%,88%,79%,84%,88%,81%,79%,84%,37%,36%,33%,60%,70%,54%,47%,51%,52%,42%,67%,43%,48%,60%,48%,50%,50%,42%,62%,67%,62%,83%,59%,64%,10%,10%,63%,69%,64%,53%,93%,71%,64%,72%,81%
Home Office,Identity & Passport Service,IPS,55%,65%,83%,66%,78%,43%,72%,77%,19%,42%,85%,69%,69%,46%,59%,84%,81%,83%,65%,77%,77%,64%,69%,79%,66%,60%,62%,39%,83%,79%,71%,61%,42%,35%,37%,75%,82%,58%,74%,89%,72%,77%,89%,73%,65%,72%,19%,21%,17%,43%,54%,43%,42%,36%,38%,29%,56%,34%,40%,48%,41%,40%,37%,36%,43%,54%,40%,84%,66%,68%,14%,11%,58%,67%,57%,52%,87%,60%,57%,59%,79%
Home Office,UK Border Agency,UKBA,47%,62%,74%,60%,72%,34%,67%,65%,23%,26%,83%,70%,62%,42%,55%,76%,71%,76%,60%,72%,72%,57%,64%,72%,58%,55%,55%,37%,78%,73%,65%,46%,35%,26%,30%,70%,78%,51%,68%,79%,56%,67%,82%,54%,52%,65%,25%,24%,20%,22%,38%,29%,30%,22%,17%,15%,39%,24%,27%,36%,27%,34%,27%,26%,30%,41%,24%,76%,55%,50%,15%,14%,54%,61%,53%,47%,83%,54%,57%,58%,73%
International Development,Department for International Development,DFID,71%,80%,92%,71%,80%,59%,79%,75%,36%,56%,94%,84%,81%,65%,76%,94%,92%,91%,74%,79%,83%,67%,74%,82%,69%,69%,66%,45%,81%,80%,77%,60%,60%,55%,59%,81%,86%,72%,78%,85%,74%,84%,90%,72%,55%,62%,39%,39%,31%,63%,71%,62%,64%,58%,44%,32%,69%,50%,44%,82%,67%,68%,65%,61%,68%,70%,52%,88%,67%,74%,10%,9%,66%,75%,63%,47%,87%,66%,69%,83%,77%
Justice,Ministry of Justice,MOJHQ,58%,73%,77%,68%,80%,47%,77%,75%,38%,43%,89%,76%,72%,55%,72%,79%,73%,77%,69%,83%,82%,61%,75%,77%,64%,62%,65%,40%,85%,82%,75%,60%,46%,40%,44%,81%,85%,65%,77%,83%,68%,75%,88%,74%,66%,71%,40%,38%,35%,48%,56%,47%,37%,43%,34%,29%,61%,37%,41%,60%,47%,40%,41%,39%,52%,63%,47%,88%,67%,70%,10%,10%,63%,68%,58%,50%,87%,67%,65%,69%,75%
Justice,Criminal Injuries Compensation Authority,CICA,60%,69%,90%,72%,79%,51%,79%,81%,27%,53%,90%,71%,72%,47%,64%,91%,88%,90%,71%,82%,81%,69%,77%,80%,71%,67%,71%,48%,88%,82%,68%,62%,50%,51%,41%,84%,88%,63%,82%,88%,76%,77%,91%,76%,78%,82%,28%,30%,24%,57%,76%,58%,60%,50%,43%,35%,64%,43%,45%,53%,50%,49%,48%,47%,59%,64%,49%,89%,73%,70%,9%,8%,64%,69%,57%,56%,92%,63%,64%,69%,78%
Justice,HM Courts and Tribunals Service,HMCTS,51%,66%,73%,62%,78%,40%,70%,75%,21%,32%,85%,74%,70%,46%,57%,75%,70%,74%,62%,73%,73%,58%,64%,72%,59%,57%,61%,39%,82%,79%,73%,58%,43%,28%,31%,75%,81%,56%,69%,88%,69%,79%,87%,72%,59%,68%,19%,25%,18%,31%,40%,36%,36%,28%,25%,19%,46%,29%,34%,43%,29%,34%,33%,30%,37%,50%,35%,82%,67%,63%,10%,10%,58%,65%,54%,49%,89%,63%,56%,52%,79%
Justice,Legal Services Commission,LSC,58%,70%,86%,69%,79%,46%,74%,76%,47%,52%,86%,72%,70%,54%,70%,88%,84%,86%,65%,82%,79%,70%,71%,76%,70%,64%,67%,44%,84%,80%,74%,59%,43%,39%,43%,78%,84%,59%,77%,86%,63%,81%,88%,72%,66%,76%,42%,56%,44%,53%,71%,57%,63%,49%,41%,33%,66%,41%,46%,51%,46%,45%,43%,42%,57%,63%,49%,68%,39%,53%,11%,8%,61%,66%,59%,53%,89%,64%,66%,66%,81%
Justice,MoJ Arms Length Bodies,ALBS,59%,73%,90%,69%,77%,41%,76%,74%,29%,54%,88%,75%,73%,57%,72%,93%,88%,88%,68%,81%,79%,69%,73%,77%,67%,63%,66%,46%,80%,78%,72%,55%,43%,31%,36%,78%,84%,66%,76%,85%,70%,78%,89%,68%,60%,68%,31%,30%,26%,56%,70%,59%,55%,52%,40%,37%,64%,47%,54%,60%,45%,49%,47%,45%,52%,54%,37%,87%,65%,65%,11%,12%,57%,63%,52%,46%,83%,67%,67%,72%,66%
Justice,National Offender Management Service,NOMS,51%,64%,71%,53%,66%,39%,60%,66%,26%,25%,85%,74%,67%,38%,54%,72%,69%,71%,54%,62%,65%,49%,57%,65%,50%,47%,51%,32%,74%,66%,57%,48%,42%,29%,36%,63%,74%,46%,59%,79%,57%,67%,85%,63%,53%,58%,28%,25%,26%,27%,34%,33%,27%,23%,17%,13%,36%,17%,23%,51%,27%,44%,34%,30%,20%,28%,19%,69%,59%,49%,18%,17%,57%,65%,57%,51%,84%,53%,52%,50%,75%
Justice,Office of the Public Guardian,OPG,60%,63%,88%,65%,79%,48%,75%,80%,34%,46%,83%,57%,64%,47%,65%,92%,84%,88%,64%,72%,73%,61%,69%,73%,63%,62%,62%,46%,84%,79%,73%,60%,46%,47%,39%,76%,85%,60%,78%,90%,73%,81%,88%,72%,75%,78%,35%,32%,34%,49%,53%,46%,50%,43%,37%,40%,57%,37%,43%,61%,54%,40%,48%,46%,47%,51%,36%,77%,60%,63%,11%,8%,59%,65%,54%,48%,91%,62%,59%,68%,73%
Justice,The National Archives,TNA,66%,74%,86%,68%,78%,50%,78%,76%,28%,50%,90%,74%,75%,57%,71%,91%,82%,85%,68%,79%,78%,63%,71%,78%,67%,62%,67%,42%,81%,79%,73%,63%,50%,43%,46%,81%,85%,67%,79%,84%,72%,78%,89%,73%,68%,71%,27%,35%,22%,67%,56%,47%,51%,50%,43%,35%,64%,43%,42%,78%,65%,56%,57%,51%,43%,50%,29%,80%,51%,69%,9%,10%,59%,64%,60%,44%,87%,69%,70%,73%,74%
Office of Gas and Electricity Markets,Ofgem,OFGEM,64%,76%,82%,67%,81%,59%,81%,72%,34%,49%,91%,78%,75%,57%,78%,88%,78%,81%,72%,81%,83%,60%,78%,78%,61%,63%,63%,35%,86%,83%,75%,70%,56%,57%,52%,85%,87%,68%,83%,77%,68%,67%,90%,78%,58%,66%,33%,40%,30%,59%,63%,52%,38%,52%,34%,33%,62%,43%,50%,66%,70%,47%,49%,49%,60%,65%,40%,80%,36%,71%,6%,8%,64%,70%,61%,50%,82%,65%,65%,77%,67%
Office of Qualifications and Examinations Regulation,Ofqual,OFQUAL,46%,57%,72%,52%,67%,34%,54%,59%,39%,28%,80%,56%,52%,36%,60%,80%,72%,64%,57%,70%,63%,50%,58%,61%,45%,46%,47%,27%,71%,72%,56%,42%,39%,25%,27%,58%,66%,43%,50%,59%,47%,47%,91%,70%,40%,59%,36%,41%,39%,36%,26%,28%,35%,33%,13%,26%,30%,25%,30%,39%,24%,34%,34%,30%,25%,35%,16%,82%,51%,43%,22%,17%,58%,66%,56%,50%,68%,47%,57%,71%,63%
Office of Rail Regulation,Office of Rail Regulation,ORR,52%,78%,71%,67%,83%,47%,74%,73%,40%,35%,90%,82%,77%,59%,85%,76%,66%,72%,66%,86%,85%,61%,73%,80%,66%,59%,57%,38%,87%,82%,78%,61%,56%,32%,40%,78%,88%,64%,65%,86%,64%,68%,93%,68%,62%,67%,44%,38%,39%,29%,46%,36%,30%,38%,16%,21%,52%,41%,38%,43%,37%,34%,36%,34%,51%,59%,26%,88%,67%,66%,9%,10%,63%,69%,62%,52%,88%,70%,61%,73%,61%
Office for Standards in Education,Ofsted,OFSTED,52%,68%,86%,62%,75%,37%,66%,71%,37%,33%,91%,78%,77%,39%,56%,89%,86%,83%,60%,77%,74%,60%,69%,72%,65%,56%,55%,34%,82%,79%,65%,45%,45%,24%,32%,69%,83%,54%,59%,83%,63%,75%,91%,72%,55%,58%,38%,42%,33%,32%,36%,36%,40%,27%,20%,20%,55%,40%,26%,53%,32%,39%,37%,34%,29%,44%,24%,84%,62%,58%,18%,13%,61%,70%,61%,50%,76%,45%,56%,58%,73%
"Scotland Office, Wales Office and Northern Ireland Office","Scotland Office, Office of the Advocate General, Wales Office and Northern Ireland Office",SWNIO,61%,77%,85%,68%,78%,38%,75%,76%,41%,50%,92%,80%,79%,62%,72%,87%,83%,86%,68%,78%,81%,69%,77%,78%,63%,59%,63%,42%,81%,79%,73%,50%,36%,33%,34%,80%,82%,65%,72%,84%,72%,77%,90%,80%,64%,64%,43%,41%,40%,55%,67%,53%,49%,53%,40%,37%,52%,43%,51%,63%,48%,51%,49%,47%,50%,51%,24%,95%,74%,71%,8%,11%,70%,72%,65%,51%,88%,72%,73%,78%,71%
Scottish Government,Scottish Government,SG,58%,77%,82%,70%,80%,52%,79%,74%,31%,42%,92%,81%,75%,60%,78%,84%,80%,81%,69%,85%,84%,61%,76%,82%,70%,63%,72%,39%,86%,80%,75%,63%,50%,47%,47%,85%,86%,66%,80%,83%,71%,74%,88%,74%,58%,69%,33%,33%,26%,45%,52%,50%,40%,45%,28%,21%,59%,36%,40%,57%,49%,44%,41%,38%,44%,54%,34%,89%,59%,69%,8%,8%,64%,69%,62%,55%,89%,69%,69%,72%,71%
Scottish Government,Accountant in Bankruptcy,AIB,58%,68%,89%,69%,80%,55%,70%,78%,32%,48%,85%,67%,67%,50%,72%,90%,88%,88%,68%,84%,80%,68%,70%,75%,72%,65%,66%,40%,81%,81%,78%,71%,52%,49%,47%,76%,79%,52%,73%,86%,68%,79%,89%,79%,69%,77%,30%,37%,28%,52%,78%,49%,57%,43%,39%,36%,52%,38%,35%,48%,52%,35%,42%,42%,59%,62%,40%,93%,83%,69%,11%,13%,62%,62%,54%,53%,81%,68%,56%,61%,72%
Scottish Government,Crown Office and Procurator Fiscal Service,COPFS,52%,67%,80%,54%,68%,36%,61%,65%,23%,21%,90%,77%,70%,39%,59%,83%,78%,78%,53%,71%,69%,48%,60%,67%,48%,46%,51%,28%,76%,69%,59%,56%,30%,27%,31%,67%,74%,46%,59%,78%,59%,65%,87%,64%,45%,55%,24%,25%,21%,24%,28%,25%,23%,20%,13%,12%,29%,19%,21%,49%,30%,50%,35%,31%,23%,33%,17%,79%,57%,51%,14%,16%,58%,65%,52%,43%,85%,53%,51%,52%,78%
Scottish Government,Disclosure Scotland,DS,50%,55%,90%,59%,73%,31%,66%,71%,21%,32%,81%,54%,52%,39%,46%,93%,86%,90%,55%,70%,67%,52%,59%,65%,74%,58%,52%,34%,81%,75%,63%,38%,30%,26%,30%,69%,82%,47%,68%,88%,69%,72%,87%,65%,53%,64%,23%,21%,18%,34%,48%,36%,25%,29%,20%,22%,39%,27%,38%,33%,29%,38%,38%,34%,40%,42%,21%,81%,64%,58%,16%,12%,56%,60%,55%,50%,83%,50%,54%,48%,79%
Scottish Government,Education Scotland,ES,55%,73%,79%,56%,81%,41%,66%,70%,33%,34%,91%,79%,78%,47%,72%,81%,79%,78%,57%,70%,72%,55%,63%,67%,48%,47%,52%,32%,86%,82%,74%,52%,48%,30%,35%,69%,78%,57%,60%,76%,62%,70%,93%,69%,59%,63%,35%,33%,29%,40%,34%,38%,40%,33%,23%,23%,50%,34%,29%,47%,39%,43%,40%,37%,55%,51%,37%,88%,65%,76%,18%,15%,67%,75%,65%,58%,85%,61%,56%,71%,78%
Scottish Government,Historic Scotland,HS,64%,76%,84%,69%,76%,45%,75%,73%,37%,36%,94%,75%,79%,55%,76%,85%,82%,86%,72%,78%,79%,67%,74%,78%,67%,63%,70%,44%,81%,77%,71%,52%,45%,38%,46%,81%,82%,66%,70%,84%,65%,76%,92%,68%,61%,68%,35%,43%,34%,43%,30%,37%,38%,35%,27%,29%,54%,34%,36%,71%,58%,60%,53%,46%,36%,48%,23%,77%,50%,61%,7%,10%,65%,70%,63%,55%,89%,70%,63%,73%,75%
Scottish Government,National Records of Scotland,NRS,52%,70%,68%,62%,76%,37%,70%,72%,26%,25%,89%,70%,72%,48%,70%,71%,63%,71%,60%,77%,77%,52%,64%,77%,62%,49%,66%,37%,83%,79%,66%,56%,39%,24%,29%,77%,84%,54%,64%,77%,65%,66%,88%,67%,65%,74%,28%,27%,24%,25%,32%,24%,22%,21%,17%,16%,36%,24%,30%,43%,31%,40%,24%,22%,26%,33%,15%,81%,57%,58%,8%,8%,53%,57%,48%,48%,85%,69%,63%,67%,68%
Scottish Government,Office of the Scottish Charity Regulator,OSCR,66%,75%,83%,72%,86%,43%,77%,78%,38%,57%,83%,83%,71%,57%,81%,83%,79%,86%,74%,83%,69%,76%,74%,79%,74%,62%,71%,57%,88%,90%,81%,55%,40%,38%,38%,78%,80%,68%,83%,86%,76%,81%,95%,88%,45%,76%,45%,33%,36%,68%,79%,67%,48%,60%,40%,52%,57%,55%,45%,60%,55%,60%,48%,52%,51%,59%,49%,95%,71%,71%,15%,14%,68%,71%,53%,45%,86%,61%,66%,83%,75%
Scottish Government,Registers of Scotland,ROS,43%,60%,72%,47%,67%,31%,59%,67%,35%,16%,78%,71%,65%,31%,53%,76%,66%,75%,45%,64%,59%,47%,53%,58%,40%,38%,44%,24%,85%,70%,46%,45%,34%,19%,25%,67%,79%,40%,51%,78%,57%,67%,83%,61%,54%,69%,33%,38%,34%,13%,16%,15%,17%,13%,12%,11%,27%,15%,17%,25%,20%,33%,18%,17%,14%,34%,15%,94%,69%,49%,13%,12%,56%,61%,53%,53%,81%,39%,50%,40%,79%
Scottish Government,Scottish Court Service,SCS,58%,71%,89%,59%,71%,54%,71%,78%,20%,41%,90%,74%,77%,46%,66%,92%,87%,88%,59%,72%,71%,54%,65%,71%,52%,52%,62%,34%,78%,73%,63%,69%,51%,51%,44%,77%,80%,57%,71%,89%,70%,84%,90%,77%,63%,71%,19%,25%,16%,47%,41%,40%,48%,37%,38%,26%,61%,37%,39%,59%,42%,46%,41%,37%,40%,45%,29%,85%,68%,68%,14%,14%,67%,71%,65%,59%,90%,64%,59%,55%,76%
Scottish Government,Scottish Housing Regulator,SHR,62%,77%,84%,75%,86%,51%,75%,81%,49%,55%,92%,69%,73%,65%,84%,86%,84%,82%,78%,94%,82%,73%,82%,84%,67%,67%,84%,43%,92%,86%,82%,63%,54%,41%,45%,83%,76%,71%,71%,82%,78%,84%,96%,76%,73%,82%,49%,49%,49%,57%,51%,57%,51%,53%,38%,44%,72%,64%,64%,53%,55%,49%,56%,54%,69%,79%,63%,94%,78%,82%,6%,12%,83%,83%,77%,57%,86%,59%,73%,82%,69%
Scottish Government,Scottish Prison Service,SPS,60%,70%,83%,56%,71%,53%,67%,75%,21%,38%,92%,79%,74%,47%,60%,85%,82%,81%,59%,65%,68%,53%,62%,69%,51%,49%,52%,33%,82%,73%,60%,60%,52%,50%,49%,72%,79%,52%,65%,86%,66%,74%,89%,75%,68%,68%,20%,23%,19%,45%,45%,39%,41%,37%,34%,30%,44%,26%,34%,63%,49%,53%,43%,41%,28%,31%,17%,71%,56%,51%,20%,15%,67%,73%,66%,64%,86%,54%,52%,56%,78%
Scottish Government,Scottish Public Pensions Agency,SPPA,59%,69%,89%,69%,78%,54%,79%,81%,27%,49%,86%,71%,72%,46%,70%,90%,87%,90%,66%,85%,82%,67%,75%,83%,72%,61%,70%,32%,85%,80%,69%,69%,47%,57%,42%,84%,88%,65%,81%,84%,68%,81%,87%,81%,78%,85%,25%,34%,22%,56%,49%,52%,58%,53%,48%,35%,58%,45%,42%,53%,64%,40%,44%,42%,35%,39%,22%,91%,69%,77%,6%,8%,70%,70%,61%,59%,91%,62%,64%,66%,80%
Scottish Government,Scottish Tribunals Service,STS,60%,73%,84%,64%,74%,48%,71%,79%,28%,50%,90%,70%,78%,53%,72%,87%,82%,83%,62%,77%,71%,60%,62%,73%,69%,64%,66%,37%,80%,78%,64%,67%,49%,38%,37%,74%,79%,62%,70%,89%,78%,79%,91%,80%,61%,74%,24%,33%,25%,53%,59%,54%,68%,54%,32%,37%,56%,39%,51%,55%,49%,41%,49%,52%,64%,63%,49%,86%,66%,60%,13%,13%,70%,73%,69%,62%,86%,62%,62%,60%,71%
Scottish Government,Student Awards Agency for Scotland,SAAS,50%,66%,89%,68%,77%,52%,76%,77%,30%,54%,81%,72%,67%,51%,60%,93%,85%,90%,69%,86%,77%,65%,74%,76%,67%,59%,70%,37%,85%,77%,68%,63%,55%,45%,45%,86%,79%,61%,78%,90%,69%,81%,89%,73%,64%,75%,31%,31%,27%,53%,61%,56%,72%,58%,43%,40%,65%,40%,49%,27%,30%,33%,29%,36%,56%,59%,43%,78%,61%,73%,6%,4%,59%,66%,62%,63%,93%,65%,61%,63%,71%
Scottish Government,Transport Scotland,TS,60%,76%,82%,69%,80%,40%,77%,75%,28%,52%,91%,76%,74%,60%,79%,85%,81%,80%,65%,85%,81%,62%,74%,80%,70%,61%,71%,36%,88%,80%,72%,51%,41%,32%,37%,79%,85%,69%,75%,82%,72%,75%,91%,76%,61%,69%,31%,30%,24%,60%,64%,59%,56%,59%,36%,32%,62%,41%,47%,56%,53%,43%,43%,42%,56%,59%,46%,90%,62%,71%,10%,12%,67%,71%,68%,60%,88%,67%,69%,82%,69%
UK Statistics Authority,UK Statistics Authority,UKSA,68%,83%,92%,72%,85%,66%,88%,79%,46%,65%,93%,81%,80%,69%,91%,96%,87%,92%,69%,94%,87%,67%,76%,83%,60%,65%,70%,47%,91%,87%,78%,83%,67%,52%,62%,93%,89%,80%,93%,85%,76%,78%,94%,72%,62%,87%,41%,52%,44%,67%,83%,72%,65%,70%,39%,51%,72%,67%,69%,70%,67%,59%,54%,56%,70%,74%,59%,96%,78%,87%,2%,2%,75%,75%,61%,57%,85%,77%,75%,87%,75%
UK Statistics Authority,Office for National Statistics,ONS,57%,70%,80%,64%,76%,45%,77%,77%,31%,33%,87%,71%,70%,48%,74%,84%,76%,81%,63%,82%,77%,56%,70%,75%,64%,57%,63%,33%,83%,76%,70%,60%,46%,37%,38%,81%,86%,61%,80%,85%,70%,78%,89%,74%,67%,75%,31%,37%,25%,37%,34%,30%,35%,28%,21%,17%,56%,30%,41%,52%,51%,42%,36%,33%,35%,48%,28%,80%,49%,62%,9%,9%,63%,68%,59%,57%,87%,69%,60%,58%,77%
Transport,Department for Transport,DFT,53%,76%,78%,67%,81%,49%,77%,72%,35%,41%,89%,80%,74%,61%,79%,80%,74%,79%,67%,84%,82%,60%,74%,79%,59%,57%,63%,42%,86%,81%,77%,60%,51%,41%,45%,81%,85%,65%,75%,83%,73%,71%,88%,68%,60%,64%,39%,35%,30%,43%,59%,47%,35%,39%,27%,19%,63%,35%,43%,42%,39%,36%,33%,32%,47%,61%,40%,96%,65%,71%,8%,7%,63%,68%,55%,48%,86%,68%,65%,69%,65%
Transport,Driver and Vehicle Licensing Agency,DVLA,54%,62%,78%,69%,76%,43%,72%,77%,35%,35%,81%,69%,64%,43%,55%,81%,75%,77%,69%,79%,77%,64%,71%,79%,73%,66%,63%,48%,82%,75%,69%,55%,38%,40%,37%,75%,84%,58%,72%,87%,71%,76%,88%,73%,68%,74%,33%,41%,30%,40%,39%,34%,40%,31%,31%,26%,45%,27%,33%,44%,49%,39%,37%,36%,28%,43%,27%,76%,59%,60%,11%,10%,60%,64%,58%,51%,87%,62%,57%,56%,83%
Transport,Driving Standards Agency,DSA,54%,60%,74%,69%,73%,40%,68%,79%,24%,30%,88%,68%,68%,36%,40%,75%,71%,76%,65%,76%,74%,59%,69%,77%,76%,67%,70%,53%,80%,74%,64%,51%,36%,35%,38%,73%,81%,51%,65%,89%,69%,82%,91%,77%,66%,77%,22%,28%,22%,31%,37%,32%,28%,25%,30%,22%,47%,21%,24%,47%,43%,38%,35%,32%,25%,38%,22%,77%,59%,53%,18%,18%,64%,70%,65%,58%,78%,49%,49%,49%,75%
Transport,Highways Agency,HA,52%,62%,74%,59%,70%,30%,64%,64%,30%,29%,86%,63%,66%,38%,58%,77%,72%,72%,58%,75%,71%,54%,64%,71%,59%,52%,56%,33%,79%,72%,58%,38%,32%,21%,29%,67%,76%,52%,63%,77%,54%,68%,83%,52%,57%,61%,30%,35%,25%,35%,37%,33%,27%,27%,17%,16%,44%,23%,36%,49%,36%,40%,30%,27%,33%,43%,28%,94%,70%,57%,19%,19%,58%,66%,57%,52%,79%,49%,48%,60%,67%
Transport,Maritime and Coastguard Agency,MCA,57%,72%,76%,66%,76%,47%,70%,70%,20%,33%,92%,77%,79%,47%,64%,79%,74%,76%,65%,80%,78%,58%,69%,78%,61%,58%,67%,41%,84%,77%,67%,58%,50%,34%,45%,77%,82%,57%,62%,84%,65%,76%,87%,55%,57%,65%,19%,24%,16%,35%,39%,34%,38%,29%,22%,22%,43%,32%,38%,65%,42%,52%,41%,36%,32%,41%,25%,90%,73%,63%,10%,11%,59%,66%,56%,53%,85%,58%,57%,64%,74%
Transport,Vehicle Certification Agency,VCA,68%,82%,82%,68%,81%,44%,82%,77%,44%,58%,91%,85%,81%,71%,85%,81%,78%,85%,68%,80%,84%,69%,76%,80%,60%,62%,70%,37%,86%,80%,77%,56%,42%,32%,46%,83%,87%,77%,81%,87%,77%,76%,90%,76%,64%,68%,43%,47%,42%,65%,72%,55%,53%,53%,49%,49%,69%,54%,59%,76%,73%,65%,61%,57%,56%,59%,37%,78%,54%,66%,14%,13%,69%,73%,67%,47%,91%,71%,68%,81%,71%
Transport,Vehicle Operator Services Agency,VOSA,52%,66%,70%,59%,66%,36%,64%,65%,17%,26%,90%,74%,69%,37%,57%,74%,65%,70%,59%,77%,71%,56%,61%,70%,60%,51%,55%,33%,77%,67%,55%,44%,33%,29%,37%,72%,79%,50%,57%,81%,52%,67%,79%,54%,53%,67%,16%,20%,15%,26%,30%,26%,34%,22%,18%,17%,41%,24%,26%,44%,31%,40%,32%,27%,28%,46%,31%,86%,63%,54%,14%,14%,56%,64%,57%,53%,82%,52%,51%,53%,71%
UK Export Finance,UK Export Finance,UKEF,56%,75%,85%,61%,73%,40%,76%,73%,25%,31%,91%,73%,73%,57%,79%,91%,78%,85%,62%,75%,72%,54%,67%,75%,58%,55%,56%,32%,81%,73%,66%,60%,42%,22%,35%,77%,83%,62%,81%,82%,66%,70%,84%,70%,68%,73%,23%,32%,20%,37%,24%,27%,31%,29%,21%,26%,45%,29%,43%,47%,40%,52%,32%,33%,21%,45%,23%,97%,78%,71%,7%,8%,64%,67%,63%,55%,84%,61%,56%,75%,63%
Welsh Government,Welsh Government,WG,61%,77%,83%,71%,82%,54%,80%,76%,54%,39%,93%,80%,78%,59%,76%,86%,80%,84%,73%,85%,83%,68%,77%,82%,68%,65%,71%,40%,87%,84%,75%,67%,52%,47%,48%,85%,89%,71%,75%,85%,71%,79%,90%,69%,65%,74%,52%,57%,51%,43%,47%,43%,39%,40%,27%,24%,56%,37%,39%,61%,58%,48%,45%,43%,38%,51%,29%,95%,71%,73%,7%,6%,68%,72%,62%,51%,,,,,
Work and Pensions,Department for Work and Pensions,DWP,48%,62%,78%,64%,76%,39%,70%,69%,24%,29%,82%,72%,66%,40%,50%,79%,77%,78%,64%,72%,71%,62%,64%,75%,72%,61%,58%,40%,82%,77%,68%,55%,44%,28%,31%,74%,83%,54%,68%,84%,60%,74%,80%,60%,57%,65%,23%,27%,21%,29%,30%,29%,30%,23%,24%,20%,46%,23%,33%,33%,31%,34%,31%,30%,30%,47%,34%,82%,60%,58%,12%,11%,57%,65%,56%,51%,83%,55%,54%,55%,78%
Work and Pensions,Child Maintenance Group,CMG,45%,63%,87%,67%,77%,37%,68%,69%,21%,34%,83%,77%,64%,39%,50%,89%,86%,85%,67%,75%,73%,68%,69%,77%,71%,64%,60%,44%,85%,79%,67%,56%,46%,22%,26%,73%,83%,52%,63%,83%,62%,74%,81%,63%,53%,66%,18%,28%,17%,31%,45%,36%,44%,30%,26%,24%,52%,22%,29%,25%,21%,28%,30%,29%,34%,48%,35%,90%,66%,61%,13%,11%,59%,65%,55%,50%,80%,51%,52%,56%,81%
Work and Pensions,Health and Safety Executive,HSE,51%,72%,73%,65%,75%,39%,73%,68%,28%,30%,89%,80%,73%,47%,72%,77%,70%,72%,63%,83%,79%,57%,72%,78%,64%,57%,65%,34%,85%,76%,64%,50%,44%,22%,41%,78%,84%,60%,68%,78%,61%,69%,83%,61%,54%,66%,30%,30%,25%,33%,36%,33%,30%,29%,21%,12%,51%,26%,33%,44%,33%,41%,29%,26%,29%,39%,20%,89%,60%,63%,10%,9%,57%,65%,56%,53%,83%,57%,57%,62%,71%